{"cameraMode":{"drawMode":0,"name":"Shaded","section":"Shading Mode"},"sceneLighting":true,"audioPlay":false,"sceneViewState":{"showFog":true,"showMaterialUpdate":false,"showSkybox":true,"showFlares":true,"showImageEffects":true,"showParticleSystems":true,"showVisualEffectGraphs":true,"m_FxEnabled":true},"in2DMode":false,"pivot":{"x":-0.8648748397827148,"y":0.11064291000366211,"z":4.7466535568237309},"rotation":{"x":-0.0614493228495121,"y":0.9385479688644409,"z":-0.23896057903766633,"w":-0.24135003983974458},"size":3.510171413421631,"orthographic":false}